분류,세부,태그,설명,비고
Medium (매체),,traditional media,"연필, 물감 등 전통적인 미술 도구로 그린 듯한 느낌을 줍니다.",
Medium (매체),,faux traditional media,디지털로 작업했지만 전통적인 미술 도구 느낌을 흉내 낸 스타일입니다.,
Medium (매체),,mixed media,전통적인 도구와 디지털 작업이 혼합된 느낌을 줍니다.,
Medium (매체),,unconventional media,일반적이지 않은 독특한 재료로 만든 듯한 느낌을 냅니다.,
Medium (매체),세부 매체 태그 (위 태그와 조합하여 사용),acrylic paint (medium),아크릴 물감으로 그린 질감을 표현합니다.,
Medium (매체),세부 매체 태그 (위 태그와 조합하여 사용),ballpoint pen (medium),볼펜으로 그린 듯한 선과 느낌을 줍니다.,
Medium (매체),세부 매체 태그 (위 태그와 조합하여 사용),calligraphy brush (medium),캘리그라피 붓으로 그린 듯한 느낌을 줍니다.,
Medium (매체),세부 매체 태그 (위 태그와 조합하여 사용),colored pencil (medium),색연필로 채색한 것 같은 질감을 표현합니다.,
Medium (매체),세부 매체 태그 (위 태그와 조합하여 사용),graphite (medium),흑연(연필)으로 그린 스케치 느낌을 줍니다.,
Medium (매체),세부 매체 태그 (위 태그와 조합하여 사용),ink (medium),"잉크를 사용하여 그린 느낌, 펜화나 동양화의 먹 느낌을 표현합니다.",
Medium (매체),세부 매체 태그 (위 태그와 조합하여 사용),marker (medium),마커펜으로 칠한 듯한 느낌을 줍니다.,
Medium (매체),세부 매체 태그 (위 태그와 조합하여 사용),millipen (medium),밀리펜(얇은 펜)으로 그린 듯한 세밀한 선을 표현합니다.,
Medium (매체),세부 매체 태그 (위 태그와 조합하여 사용),nib pen (medium),닙 펜(펜촉을 찍어 쓰는 펜)으로 그린 듯한 느낌을 줍니다.,
Medium (매체),세부 매체 태그 (위 태그와 조합하여 사용),oil painting (medium),유화로 그린 듯한 꾸덕하고 깊은 질감을 표현합니다.,
Medium (매체),세부 매체 태그 (위 태그와 조합하여 사용),painting (medium),일반적인 회화(그림) 느낌을 줍니다.,
Medium (매체),세부 매체 태그 (위 태그와 조합하여 사용),pastel (medium),파스텔로 그린 부드럽고 가루가 날리는 듯한 느낌을 줍니다.,
Medium (매체),세부 매체 태그 (위 태그와 조합하여 사용),pen (medium),펜으로 그린 일반적인 느낌을 줍니다.,
Medium (매체),세부 매체 태그 (위 태그와 조합하여 사용),watercolor (medium),수채화 물감으로 그린 맑고 투명한 느낌을 줍니다.,
Medium (매체),세부 매체 태그 (위 태그와 조합하여 사용),watercolor pencil (medium),수채 색연필로 그린 느낌을 줍니다.,
Medium (매체),디지털 매체 태그,3d,3D 모델링 프로그램으로 만든 것 같은 입체적인 느낌을 줍니다.,
Medium (매체),디지털 매체 태그,blender (medium),3D 모델링 프로그램으로 만든 것 같은 입체적인 느낌을 줍니다.,
Medium (매체),디지털 매체 태그,ai-generated and ai-assisted,AI가 생성했거나 도움을 받은 듯한 독특한 느낌을 줍니다.,
Medium (매체),디지털 매체 태그,anime screencap,애니메이션의 한 장면을 캡처한 듯한 스타일을 만듭니다.,
Medium (매체),디지털 매체 태그,pixel art,이미지를 작은 정사각형 점(픽셀)으로 표현하는 레트로 게임 스타일입니다.,
Art style (아트 스타일),미술 사조 태그,abstract,대상을 사실적으로 묘사하지 않는 추상적인 스타일입니다.,
Art style (아트 스타일),미술 사조 태그,art nouveau,덩굴 식물 같은 유기적이고 유려한 곡선을 특징으로 하는 장식적인 스타일입니다.,
Art style (아트 스타일),미술 사조 태그,impressionism,빛과 색의 순간적인 인상을 표현하는 인상주의 화풍입니다.,
Art style (아트 스타일),미술 사조 태그,ligne claire,"'맑은 선'이라는 뜻으로, 깨끗하고 명확한 선으로 대상을 표현하는 스타일입니다.",
Art style (아트 스타일),미술 사조 태그,nihonga,전통적인 일본화 스타일입니다.,
Art style (아트 스타일),미술 사조 태그,ukiyo-e,목판화로 제작된 일본의 전통적인 풍속화 스타일입니다.,
Art style (아트 스타일),미술 사조 태그,realistic,사진처럼 사실적인 스타일입니다.,
Art style (아트 스타일),미술 사조 태그,photorealistic,사진처럼 사실적인 스타일입니다.,
Art style (아트 스타일),미술 사조 태그,retro artstyle,과거의 특정 시대(예: 1980년대)를 떠올리게 하는 복고풍 스타일입니다.,
Art style (아트 스타일),기법 및 형식 태그,painterly,붓 터치가 살아있는 회화적인 느낌을 강조합니다.,
Art style (아트 스타일),기법 및 형식 태그,sketch,연필이나 펜으로 가볍게 그린 스케치 느낌을 줍니다.,
Art style (아트 스타일),기법 및 형식 태그,lineart,색상 없이 선으로만 이루어진 그림입니다.,
Art style (아트 스타일),기법 및 형식 태그,no lineart,외곽선 없이 색상 덩어리로만 형태를 표현하는 스타일입니다.,
Art style (아트 스타일),기법 및 형식 태그,jaggy lines,거칠고 들쭉날쭉한 선을 사용합니다.,
Art style (아트 스타일),기법 및 형식 태그,outline,대상의 외곽선을 강조합니다.,
Art style (아트 스타일),기법 및 형식 태그,vector trace,일러스트레이터 같은 벡터 프로그램으로 그린 듯한 깔끔한 느낌을 줍니다.,
Art style (아트 스타일),기법 및 형식 태그,color trace,"`production art` (제작 자료), `animation paper` (애니메이션 종이) 태그와 함께 쓰면 제작 과정의 그림 같은 느낌을 줍니다.",
Art style (아트 스타일),기법 및 형식 태그,game cg,게임의 한 장면이나 일러스트 같은 스타일입니다.,
Art style (아트 스타일),기법 및 형식 태그,official art,공식적으로 발표된 듯한 고품질의 완성도 있는 아트 스타일입니다.,
Art style (아트 스타일),기법 및 형식 태그,shikishi,일본의 사인이나 그림에 쓰이는 사각형 종이(색지)에 그린 것처럼 이미지 주위에 테두리가 생깁니다.,
Art style (아트 스타일),기법 및 형식 태그,oekaki,"간단한 그림판 툴로 그린 듯한, 날카롭고 얇은 선이 특징인 스타일입니다.",
Art style (아트 스타일),기법 및 형식 태그,tegaki,마우스나 태블릿으로 직접 손으로 쓴 듯한 느낌을 줍니다.,
Coloring (색상),색상 스타일 태그,anime coloring,그림자와 하이라이트가 단순하고 명확하게 구분되는 셀 채색 스타일입니다.,
Coloring (색상),색상 스타일 태그,colorful,다채롭고 화려한 색상을 사용합니다.,
Coloring (색상),색상 스타일 태그,dark,전체적으로 어두운 톤의 색감을 사용합니다.,
Coloring (색상),색상 스타일 태그,limited palette,제한된 수의 색상만을 사용하여 그림을 그립니다.,
Coloring (색상),색상 스타일 태그,partially colored,그림의 일부분에만 색이 칠해져 있습니다.,
Coloring (색상),색상 스타일 태그,spot color,특정 부분만 한 가지 색으로 강조하고 나머지는 흑백으로 처리하는 기법입니다.,
Coloring (색상),색상 스타일 태그,monochrome,단일 색상(예: 파란색 단색) 또는 흑백 톤으로 이미지를 표현합니다.,
Coloring (색상),색상 스타일 태그,greyscale,"흰색, 검은색, 회색조만으로 이루어진 흑백 이미지를 만듭니다.",
Coloring (색상),색상 스타일 태그,muted color,채도가 낮은 차분한 색상을 사용합니다.,
Coloring (색상),색상 스타일 태그,pale color,창백하고 옅은 색상을 사용합니다.,
Coloring (색상),색상 스타일 태그,pastel colors,부드럽고 화사한 파스텔 톤 색상을 사용합니다.,
Coloring (색상),색상 스타일 태그,flat color,명암이나 그라데이션 없이 단색으로만 채색합니다.,
Coloring (색상),색상 스타일 태그,high contrast,밝은 부분과 어두운 부분의 대비가 강렬합니다.,
Coloring (색상),색상 스타일 태그,sepia,세피아 톤으로 처리하여 오래된 사진 같은 느낌을 줍니다.,네거티브 프리셋에도 들어 있음: 의도해 쓸 땐 부정 프롬프트에서 뺄 것
Coloring (색상),단일 색상 테마 태그,aqua theme,아쿠아(물색) 색조가 중심이 됩니다.,
Coloring (색상),단일 색상 테마 태그,black theme,검은색이 중심이 됩니다.,
Coloring (색상),단일 색상 테마 태그,blue theme,파란색이 중심이 됩니다.,
Coloring (색상),단일 색상 테마 태그,brown theme,갈색이 중심이 됩니다.,
Coloring (색상),단일 색상 테마 태그,green theme,녹색이 중심이 됩니다.,
Coloring (색상),단일 색상 테마 태그,grey theme,회색이 중심이 됩니다.,
Coloring (색상),단일 색상 테마 태그,orange theme,주황색이 중심이 됩니다.,
Coloring (색상),단일 색상 테마 태그,pink theme,분홍색이 중심이 됩니다.,
Coloring (색상),단일 색상 테마 태그,purple theme,보라색이 중심이 됩니다.,
Coloring (색상),단일 색상 테마 태그,red theme,빨간색이 중심이 됩니다.,
Coloring (색상),단일 색상 테마 태그,white theme,흰색이 중심이 됩니다.,
Coloring (색상),단일 색상 테마 태그,yellow theme,노란색이 중심이 됩니다.,
Special effects (특수 효과),,backlighting,피사체의 뒤에서 빛이 비치는 역광 효과를 줍니다.,
Special effects (특수 효과),,bloom,빛이 밝게 번지는 효과를 줍니다.,
Special effects (특수 효과),,bokeh,카메라 렌즈의 초점이 맞지 않아 배경이 흐려지며 빛망울이 생기는 효과입니다.,
Special effects (특수 효과),,chromatic aberration,"색수차 현상으로, 이미지 경계선에 무지갯빛이 갈라져 보이는 효과입니다.",네거티브 프리셋에도 들어 있음: 의도해 쓸 땐 부정 프롬프트에서 뺄 것
Special effects (특수 효과),,depth of field,특정 대상에만 초점을 맞추고 나머지 배경은 흐리게 만드는 효과입니다.,
Special effects (특수 효과),,diffraction spikes,밝은 광원에서 빛이 십자나 별 모양으로 갈라져 보이는 회절 효과입니다.,
Special effects (특수 효과),,dithering,"제한된 색상으로 음영을 표현하기 위해 점을 찍는 기법으로, 주로 픽셀 아트에 사용됩니다.",네거티브 프리셋에도 들어 있음: 의도해 쓸 땐 부정 프롬프트에서 뺄 것
Special effects (특수 효과),,drop shadow,피사체 뒤에 그림자를 추가하여 입체감을 줍니다.,
Special effects (특수 효과),,emphasis lines,만화에서 속도감이나 집중을 표현하는 선(집중선)을 추가합니다.,
Special effects (특수 효과),,speed lines,만화에서 속도감이나 집중을 표현하는 선(집중선)을 추가합니다.,
Special effects (특수 효과),,motion lines,만화에서 속도감이나 집중을 표현하는 선(집중선)을 추가합니다.,
Special effects (특수 효과),,glitch,화면이 깨지거나 오류가 난 듯한 디지털 노이즈 효과를 줍니다.,
Special effects (특수 효과),,halftone,신문 인쇄처럼 이미지를 작은 점들의 패턴으로 표현하는 기법입니다.,네거티브 프리셋에도 들어 있음: 의도해 쓸 땐 부정 프롬프트에서 뺄 것
Special effects (특수 효과),,lens flare,밝은 빛을 카메라로 직접 찍을 때 렌즈에 빛이 반사되어 생기는 효과입니다.,
Special effects (특수 효과),,motion blur,움직이는 피사체나 카메라의 움직임으로 인해 이미지가 흐려 보이는 효과입니다.,
Special effects (특수 효과),,soft focus,전체적으로 초점을 부드럽고 흐릿하게 처리하여 몽환적인 느낌을 줍니다.,
