섹션,태그,네거티브_추천
기타_artist 태그 X,alphes_(style),
기타_artist 태그 X,fate_(series),
기타_artist 태그 X,toriyama_akira_(style),
기타_artist 태그 X,zun_(style),
작가태그,artist: ishikawa hideki,Y
작가태그,artist: qinnye,
작가태그,artist:0820_lakia,
작가태그,artist:2015x127,
작가태그,artist:4the2ofus,
작가태그,artist:96yottea,
작가태그,artist:alp,
작가태그,artist:alzi_xiaomi,
작가태그,artist:Ame (Uten Cancel),Y
작가태그,artist:ashima (roro046),
작가태그,artist:azha8,
작가태그,artist:azuma_hatori,
작가태그,artist:baegji13,
작가태그,artist:bannri,
작가태그,artist:bkub,Y
작가태그,artist:bloodybeni,
작가태그,artist:chalseu,
작가태그,artist:chamsut0905,
작가태그,artist:channel (caststation),
작가태그,artist:chanoo_artz,
작가태그,artist:choo_hye_yeon,
작가태그,artist:cocorip (cocorip),
작가태그,artist:da_mao_banlangen,Y
작가태그,artist:dal_li_0130,
작가태그,artist:dandalian,
작가태그,artist:dang0_23,
작가태그,artist:dao_(daao_bf),
작가태그,artist:dishwasher1910,
작가태그,artist:dlckrpwjd111,
작가태그,artist:dreaming oor,
작가태그,artist:duckchuni,
작가태그,artist:ebi_(shrimp_eleven),
작가태그,artist:eichi_turnr,
작가태그,artist:en_(e898n),
작가태그,artist:ena_(enaa97),
작가태그,artist:eriimyon,
작가태그,artist:erming225,
작가태그,artist:etceteraart,
작가태그,artist:fan_mu_zhang,
작가태그,artist:freng ← 사용시 -1::sweat:: 추천,
작가태그,artist:fujo0t4ku,
작가태그,artist:fymrie,
작가태그,artist:gaoo_(frpjx283),Y
작가태그,artist:gearous,
작가태그,artist:geckobara,
작가태그,artist:gogalking,
작가태그,artist:gugong_(90_un),
작가태그,artist:gugusam0,
작가태그,artist:haban_(haban35),
작가태그,artist:hamelon310,
작가태그,artist:haze (ohw8g),
작가태그,artist:healthyman,
작가태그,artist:hechu_237,
작가태그,artist:himo_(himodayoo),
작가태그,artist:honey_dogs,
작가태그,artist:honnryou hanaru,
작가태그,artist:hwan_(mob_hwan),
작가태그,artist:iba_(kcokaine),
작가태그,artist:ie_(raarami),
작가태그,artist:ierotak,
작가태그,artist:ikaooi1,
작가태그,artist:inplick,
작가태그,artist:jnkku,
작가태그,artist:jo_tuesday19,
작가태그,artist:junjam,
작가태그,artist:kamonekm,
작가태그,artist:kaohom503,
작가태그,artist:keita_kg85,
작가태그,artist:kikiccree_,
작가태그,artist:kirtone,
작가태그,artist:kkamiiz,
작가태그,artist:kurukumagical,Y
작가태그,artist:kuzuvine,
작가태그,artist:la!role,
작가태그,artist:laejjo,
작가태그,artist:le_(szs0k),
작가태그,artist:legacy_zechs,
작가태그,artist:luicent,
작가태그,artist:m_m_pb,
작가태그,artist:meion,
작가태그,artist:mery_(yangmalgage),
작가태그,artist:mgmg_1012,
작가태그,artist:milkpanda,Y
작가태그,artist:miyamoyan,
작가태그,artist:miying_(ho_ru03_15),
작가태그,artist:muksal,
작가태그,artist:mumukyabi,
작가태그,artist:mx2j,
작가태그,artist:naku999ziye,
작가태그,artist:nameo_(judgemasterkou),Y
작가태그,artist:nasa14bear,
작가태그,artist:ndsoda,
작가태그,artist:neilos,
작가태그,artist:nidexintu,
작가태그,artist:ninahachi,
작가태그,artist:nishita,
작가태그,artist:nong_345,
작가태그,artist:on_(onon2659),
작가태그,artist:oxy_(ho2),
작가태그,artist:pageratta,Y
작가태그,artist:paguraisu,
작가태그,artist:patzzi,
작가태그,artist:pigeon666,
작가태그,artist:ppap_(11zhakdpek19),
작가태그,artist:qianben shan,
작가태그,artist:qiandaiyiyu,
작가태그,artist:qiqu,
작가태그,artist:quasarcake,
작가태그,artist:raineemeow,
작가태그,artist:ramsrar,
작가태그,artist:ratatatat74,
작가태그,artist:ru_(famia),
작가태그,artist:sakanaokashi,
작가태그,artist:sangobob,
작가태그,artist:seeshin_see,
작가태그,artist:sennin_(inoinox),
작가태그,artist:siho_is_alien,
작가태그,artist:songyeerhu,
작가태그,artist:soybean_(hisoybean),
작가태그,artist:sso_s,
작가태그,artist:sukja,
작가태그,artist:suzumi_(ccroquette),
작가태그,artist:teeniika,
작가태그,artist:tenji_(tenji_89),
작가태그,artist:tobo_katsuo,
작가태그,artist:ton_(ton19130318),
작가태그,artist:treslech3s,
작가태그,artist:ttnoooo,
작가태그,artist:urielbeaupre15,
작가태그,artist:wanke,
작가태그,artist:wlop,Y
작가태그,artist:xian_miao,
작가태그,artist:yalmyu,
작가태그,artist:yoggi (stretchmen),
작가태그,artist:zain,
작가태그,artist:zeka_(skzk_cm),
